,name,mono_mass,avg_mass,PTM
id: UNIMOD:457,NDA,175.042199,175.1855,No
id: UNIMOD:448,Microcin,831.197041,831.6871,Yes
id: UNIMOD:260,Thiophospho,95.943487,96.0455,No
id: UNIMOD:414,Hydroxymethyl,30.010565,30.026,Yes
id: UNIMOD:401,Didehydro,-2.01565,-2.0159,Yes
id: UNIMOD:187,2HPG,282.052824,282.2476,No
id: UNIMOD:335,HNE+Delta:H(2),158.13068,158.238,No
id: UNIMOD:407,Hydroxycinnamyl,146.036779,146.1427,Yes
id: UNIMOD:31,Pyridylethyl,105.057849,105.1372,No
id: UNIMOD:30,Cation:Na,21.981943,21.9818,No
id: UNIMOD:37,Trimethyl,42.04695,42.0797,Yes
id: UNIMOD:36,Dimethyl,28.0313,28.0532,Yes
id: UNIMOD:35,Oxidation,15.994915,15.9994,Yes
id: UNIMOD:34,Methyl,14.01565,14.0266,Yes
id: UNIMOD:39,Methylthio,45.987721,46.0916,Yes
id: UNIMOD:92,NHS-LC-Biotin,339.161662,339.453,No
id: UNIMOD:411,Phenylisocyanate,119.037114,119.1207,No
id: UNIMOD:159,Hex(3)HexNAc(2),892.317216,892.8068,No
id: UNIMOD:158,Hex(2)HexNAc(2)dHex(1),876.322301,876.8074,No
id: UNIMOD:311,Hex(5)HexNAc(4),1622.581608,1623.4731,No
id: UNIMOD:310,Hex(4)HexNAc(4),1460.528784,1461.3325,No
id: UNIMOD:316,DimethylpyrroleAdduct,78.04695,78.1118,No
id: UNIMOD:184,Label:13C(9),9.030193,8.9339,No
id: UNIMOD:314,Nmethylmaleimide,111.032028,111.0987,No
id: UNIMOD:151,Hex(1)HexNAc(2)Pent(1),700.253828,700.6403,No
id: UNIMOD:150,HexNAc(2)dHex(2),698.274563,698.6674,No
id: UNIMOD:153,Hex(2)HexNAc(2),730.264392,730.6662,No
id: UNIMOD:152,Hex(1)HexNAc(2)dHex(1),714.269478,714.6668,No
id: UNIMOD:155,Hex(1)HexNAc(2)dHex(1)Pent(1),846.311736,846.7815,No
id: UNIMOD:154,Hex(3)HexNAc(1)Pent(1),821.280102,821.7289,No
id: UNIMOD:157,Hex(2)HexNAc(2)Pent(1),862.306651,862.7809,No
id: UNIMOD:156,Hex(1)HexNAc(2)dHex(2),860.327386,860.808,No
id: UNIMOD:243,IGBP,296.016039,297.1478,No
id: UNIMOD:398,Thyroxine,595.612807,595.6815,Yes
id: UNIMOD:200,Ethanedithiol,75.980527,76.1838,No
id: UNIMOD:393,Glucosylgalactosyl,340.100562,340.2806,No
id: UNIMOD:6,Carboxymethyl,58.005479,58.0361,No
id: UNIMOD:387,Phycocyanobilin,586.279135,586.678,Yes
id: UNIMOD:390,Heme,616.177295,616.4873,Yes
id: UNIMOD:397,Triiodothyronine,469.716159,469.785,Yes
id: UNIMOD:396,GlycerylPE,197.04531,197.1262,Yes
id: UNIMOD:395,PhosphoribosyldephosphoCoA,881.146904,881.6335,Yes
id: UNIMOD:333,Can-FP-biotin,447.195679,447.5291,No
id: UNIMOD:416,Dipyrrolylmethanemethyl,418.137616,418.3973,Yes
id: UNIMOD:28,Gln->pyro-Glu,-17.026549,-17.0305,No
id: UNIMOD:29,SMA,127.063329,127.1412,No
id: UNIMOD:337,Methylamine,13.031634,13.0418,No
id: UNIMOD:24,Propionamide,71.037114,71.0779,No
id: UNIMOD:25,Pyridylacetyl,119.037114,119.1207,No
id: UNIMOD:26,Pyro-carbamidomethyl,39.994915,40.0208,No
id: UNIMOD:27,Glu->pyro-Glu,-18.010565,-18.0153,No
id: UNIMOD:20,PEO-Iodoacetyl-LC-Biotin,414.193691,414.5196,No
id: UNIMOD:21,Phospho,79.966331,79.9799,Yes
id: UNIMOD:23,Dehydrated,-18.010565,-18.0153,Yes
id: UNIMOD:329,Methyl:2H(3)13C(1),18.037835,18.0377,No
id: UNIMOD:312,Cysteinyl,119.004099,119.1423,No
id: UNIMOD:428,PhosphoHexNAc,283.045704,283.1724,No
id: UNIMOD:278,Ethanolyl,44.026215,44.0526,No
id: UNIMOD:332,Thiophos-S-S-biotin,525.142894,525.6658,No
id: UNIMOD:160,Hex(1)HexNAc(1)NeuAc(2),947.323029,947.8423,No
id: UNIMOD:161,Hex(3)HexNAc(2)Phos(1),972.283547,972.7867,No
id: UNIMOD:162,Delta:S(-1)Se(1),47.944449,46.895,No
id: UNIMOD:444,CuSMo,922.834855,922.067,Yes
id: UNIMOD:275,Nitrosyl,28.990164,28.9982,Yes
id: UNIMOD:276,AEBS,183.035399,183.2276,No
id: UNIMOD:409,FMNH,454.088965,454.3279,Yes
id: UNIMOD:270,Cytopiloyne,362.136553,362.3738,No
id: UNIMOD:271,Cytopiloyne+water,380.147118,380.3891,No
id: UNIMOD:272,CAF,135.983029,136.1265,No
id: UNIMOD:378,Carboxyethyl,72.021129,72.0627,Yes
id: UNIMOD:366,Deamidated:18O(1),2.988261,2.9845,No
id: UNIMOD:364,ICPL:13C(6),111.041593,111.05,No
id: UNIMOD:365,ICPL,105.021464,105.0941,No
id: UNIMOD:362,Diisopropylphosphate,164.060231,164.1394,No
id: UNIMOD:363,Isopropylphospho,122.013281,122.0596,No
id: UNIMOD:360,Pro->Pyrrolidinone,-30.010565,-30.026,No
id: UNIMOD:323,Xlink:B10621,713.093079,713.5626,No
id: UNIMOD:476,TMAB,128.107539,128.1922,No
id: UNIMOD:477,TMAB:2H(9),137.16403,137.2476,No
id: UNIMOD:445,Hydroxytrimethyl,59.04969,59.0871,Yes
id: UNIMOD:472,AEC-MAEC,59.019355,59.1334,No
id: UNIMOD:410,Archaeol,634.662782,635.1417,Yes
id: UNIMOD:368,Cys->Dha,-33.987721,-34.0809,No
id: UNIMOD:369,Pro->Pyrrolidone,-27.994915,-28.0101,No
id: UNIMOD:59,Propionyl:13C(3),59.036279,59.0412,No
id: UNIMOD:58,Propionyl,56.026215,56.0633,No
id: UNIMOD:434,CHDH,294.183109,294.3859,Yes
id: UNIMOD:188,Label:13C(6),6.020129,5.9559,No
id: UNIMOD:51,Tripalmitate,788.725777,789.3049,Yes
id: UNIMOD:50,FAD,783.141486,783.5339,Yes
id: UNIMOD:53,HNE,156.11503,156.2221,Yes
id: UNIMOD:52,Guanidinyl,42.021798,42.04,No
id: UNIMOD:55,Glutathione,305.068156,305.3076,Yes
id: UNIMOD:54,Glucuronyl,176.032088,176.1241,No
id: UNIMOD:56,Acetyl:2H(3),45.029395,45.0552,No
id: UNIMOD:435,Methylpyrroline,109.052764,109.1259,Yes
id: UNIMOD:199,Dimethyl:2H(4),32.056407,32.0778,No
id: UNIMOD:325,FP-Biotin,572.316129,572.7405,No
id: UNIMOD:400,Tyr->Dha,-94.041865,-94.1112,Yes
id: UNIMOD:172,NBS,152.988449,153.1585,No
id: UNIMOD:171,NBS:13C(6),159.008578,159.1144,No
id: UNIMOD:170,Delta:H(1)N(-1)18O(1),2.988261,2.9845,No
id: UNIMOD:176,BHT,218.167065,218.3346,No
id: UNIMOD:433,Didehydroretinylidene,264.187801,264.4046,Yes
id: UNIMOD:262,Label:2H(3),3.01883,3.0185,No
id: UNIMOD:261,SPITC,214.971084,215.2495,No
id: UNIMOD:178,DAET,87.050655,87.1866,No
id: UNIMOD:267,Label:13C(6)15N(4),10.008269,9.9296,No
id: UNIMOD:264,PET,121.035005,121.2028,No
id: UNIMOD:375,Diphthamide,142.110613,142.1989,Yes
id: UNIMOD:195,QAT,171.149738,171.26,No
id: UNIMOD:377,Diacylglycerol,576.511761,576.9334,Yes
id: UNIMOD:376,Hydroxyfarnesyl,220.182715,220.3505,Yes
id: UNIMOD:371,HMVK,86.036779,86.0892,No
id: UNIMOD:194,AccQTag,170.048013,170.1674,No
id: UNIMOD:412,Phenylisocyanate:2H(5),124.068498,124.1515,No
id: UNIMOD:379,Hypusine,87.068414,87.1204,Yes
id: UNIMOD:197,EQAT,184.157563,184.2786,No
id: UNIMOD:437,MicrocinC7,386.110369,386.3003,Yes
id: UNIMOD:313,Lys-loss,-128.094963,-128.1723,Yes
id: UNIMOD:48,GeranylGeranyl,272.250401,272.4681,Yes
id: UNIMOD:49,Phosphopantetheine,340.085794,340.333,Yes
id: UNIMOD:113,OxLysBiotin,352.156911,352.4518,No
id: UNIMOD:198,EQAT:2H(5),189.188947,189.3094,No
id: UNIMOD:284,Methyl:2H(2),16.028204,16.0389,No
id: UNIMOD:42,Lipoyl,188.032956,188.3103,Yes
id: UNIMOD:43,HexNAc,203.079373,203.1925,No
id: UNIMOD:40,Sulfo,79.956815,80.0632,Yes
id: UNIMOD:41,Hex,162.052824,162.1406,No
id: UNIMOD:46,PyridoxalPhosphate,229.014009,229.1266,Yes
id: UNIMOD:47,Palmitoyl,238.229666,238.4088,Yes
id: UNIMOD:44,Farnesyl,204.187801,204.3511,Yes
id: UNIMOD:45,Myristoyl,210.198366,210.3556,Yes
id: UNIMOD:464,SPITC:13C(6),220.991213,221.2054,No
id: UNIMOD:408,Glycosyl,148.037173,148.114,No
id: UNIMOD:455,Xlink:DMP[154],154.110613,154.2096,No
id: UNIMOD:193,Label:18O(2),4.008491,3.9995,No
id: UNIMOD:186,HPG,132.021129,132.1162,No
id: UNIMOD:403,Ser->LacticAcid,-15.010899,-15.0146,Yes
id: UNIMOD:431,Palmitoleyl,236.214016,236.3929,Yes
id: UNIMOD:361,Thrbiotinhydrazide,240.104482,240.3252,No
id: UNIMOD:294,IED-Biotin,326.141261,326.4145,No
id: UNIMOD:295,dHex,146.057909,146.1412,No
id: UNIMOD:292,IodoU-AMP,322.020217,322.1654,No
id: UNIMOD:293,CAMthiopropanoyl,145.019749,145.1796,No
id: UNIMOD:290,Biotin-HPDP,428.191582,428.6124,No
id: UNIMOD:291,Delta:Hg(1),201.970617,200.59,No
id: UNIMOD:131,Triiodo,377.689944,377.6896,No
id: UNIMOD:298,Methyl:2H(3),17.03448,17.0451,No
id: UNIMOD:299,Carboxy,43.989829,44.0095,Yes
id: UNIMOD:106,ICAT-C:13C(9),236.157185,236.1942,No
id: UNIMOD:107,FormylMet,159.035399,159.2062,No
id: UNIMOD:342,Amino,15.010899,15.0146,No
id: UNIMOD:105,ICAT-C,227.126991,227.2603,No
id: UNIMOD:344,Arg->GluSA,-43.053433,-43.0711,No
id: UNIMOD:345,Trioxidation,47.984744,47.9982,No
id: UNIMOD:402,Cys->Oxoalanine,-17.992806,-18.0815,Yes
id: UNIMOD:348,His->Asn,-23.015984,-23.0366,No
id: UNIMOD:349,His->Asp,-22.031969,-22.0519,No
id: UNIMOD:214,iTRAQ4plex,144.102063,144.1544,No
id: UNIMOD:453,GluGluGluGlu,516.170373,516.4559,Yes
id: UNIMOD:212,NEIAA:2H(5),90.084148,90.1353,No
id: UNIMOD:213,ADP-Ribosyl,541.06111,541.3005,No
id: UNIMOD:108,Nethylmaleimide,125.047679,125.1253,No
id: UNIMOD:211,NEIAA,85.052764,85.1045,No
id: UNIMOD:318,Delta:H(2)C(5),62.01565,62.0694,No
id: UNIMOD:185,Label:13C(9)+Phospho,88.996524,88.9138,No
id: UNIMOD:353,Lysbiotinhydrazide,241.088497,241.31,No
id: UNIMOD:288,Trp->Oxolactone,13.979265,13.9835,No
id: UNIMOD:440,Amidino,42.021798,42.04,Yes
id: UNIMOD:405,Phosphoadenosine,329.05252,329.2059,Yes
id: UNIMOD:439,Diironsubcluster,342.786916,342.876,Yes
id: UNIMOD:285,SulfanilicAcid,155.004099,155.1744,No
id: UNIMOD:5,Carbamyl,43.005814,43.0247,Yes
id: UNIMOD:286,SulfanilicAcid:13C(6),161.024228,161.1303,No
id: UNIMOD:281,CoenzymeA,765.09956,765.5182,Yes
id: UNIMOD:280,Ethyl,28.0313,28.0532,No
id: UNIMOD:359,Pro->pyro-Glu,13.979265,13.9835,No
id: UNIMOD:114,OxProBiotinRed,371.199111,371.4982,No
id: UNIMOD:357,probiotinhydrazide,258.115047,258.3405,No
id: UNIMOD:354,Nitro,44.985078,44.9976,No
id: UNIMOD:289,Biotin-PEO-Amine,356.188212,356.4835,No
id: UNIMOD:117,OxArgBiotinRed,312.150763,312.4277,No
id: UNIMOD:351,Trp->Kynurenin,3.994915,3.9887,No
id: UNIMOD:350,Trp->Hydroxykynurenin,19.989829,19.9881,No
id: UNIMOD:115,OxProBiotin,369.183461,369.4823,No
id: UNIMOD:4,Carbamidomethyl,57.021464,57.0513,No
id: UNIMOD:7,Deamidated,0.984016,0.9848,Yes
id: UNIMOD:116,OxArgBiotin,310.135113,310.4118,No
id: UNIMOD:1,Acetyl,42.010565,42.0367,Yes
id: UNIMOD:0,unimod,42.010565,42.0367,No
id: UNIMOD:3,Biotin,226.077598,226.2954,Yes
id: UNIMOD:112,OxLysBiotinRed,354.172562,354.4676,No
id: UNIMOD:205,Delta:H(6)C(6)O(1),94.041865,94.1112,No
id: UNIMOD:209,Delta:H(8)C(6)O(2),112.05243,112.1265,No
id: UNIMOD:207,Delta:H(2)C(3),38.01565,38.048,No
id: UNIMOD:206,Delta:H(4)C(3)O(1),56.026215,56.0633,No
id: UNIMOD:9,ICAT-G:2H(8),494.30142,494.6746,No
id: UNIMOD:8,ICAT-G,486.251206,486.6253,No
id: UNIMOD:449,Decanoyl,154.135765,154.2493,Yes
id: UNIMOD:208,Delta:H(4)C(6),76.0313,76.096,No
id: UNIMOD:60,GIST-Quat,127.099714,127.1842,No
id: UNIMOD:61,GIST-Quat:2H(3),130.118544,130.2027,No
id: UNIMOD:62,GIST-Quat:2H(6),133.137375,133.2212,No
id: UNIMOD:63,GIST-Quat:2H(9),136.156205,136.2397,No
id: UNIMOD:64,Succinyl,100.016044,100.0728,Yes
id: UNIMOD:65,Succinyl:2H(4),104.041151,104.0974,No
id: UNIMOD:66,Succinyl:13C(4),104.029463,104.0434,No
id: UNIMOD:394,GPIanchor,123.00853,123.0477,Yes
id: UNIMOD:2,Amidated,-0.984016,-0.9848,Yes
id: UNIMOD:307,dHex(1)Hex(4)HexNAc(4),1606.586693,1607.4737,No
id: UNIMOD:443,FMNC,456.104615,456.3438,Yes
id: UNIMOD:392,Quinone,29.974179,29.9829,Yes
id: UNIMOD:330,Dimethyl:2H(6)13C(2),36.07567,36.0754,No
id: UNIMOD:391,Molybdopterin,521.884073,520.2668,Yes
id: UNIMOD:374,Dehydro,-1.007825,-1.0079,No
id: UNIMOD:419,Glycerophospho,154.00311,154.0584,Yes
id: UNIMOD:454,HexN,161.068808,161.1558,No
id: UNIMOD:319,Delta:H(2)C(3)O(1),54.010565,54.0474,No
id: UNIMOD:478,FTC,421.073241,421.4259,No
id: UNIMOD:119,IBTP,316.138088,316.3759,No
id: UNIMOD:320,Nethylmaleimide+water,143.058243,143.1406,No
id: UNIMOD:303,DeStreak,75.998285,76.1176,No
id: UNIMOD:327,Delta:H(4)C(2)O(-1)S(1),44.008456,44.1188,No
id: UNIMOD:324,Xlink:DTBP[87],87.01427,87.1435,No
id: UNIMOD:118,EDT-iodoacetyl-PEO-biotin,490.174218,490.7034,No
id: UNIMOD:432,Cholesterol,368.344302,368.6383,Yes
id: UNIMOD:121,GG,114.042927,114.1026,Yes
id: UNIMOD:122,Formyl,27.994915,28.0101,Yes
id: UNIMOD:123,ICAT-H,345.097915,345.7754,No
id: UNIMOD:124,ICAT-H:13C(6),351.118044,351.7313,No
id: UNIMOD:352,Lys->Allysine,-1.031634,-1.0311,Yes
id: UNIMOD:126,Xlink:DTSSP[88],87.998285,88.1283,No
id: UNIMOD:127,Fluoro,17.990578,17.9905,No
id: UNIMOD:128,Fluorescein,387.074287,387.3417,No
id: UNIMOD:129,Iodo,125.896648,125.8965,No
id: UNIMOD:438,Cyano,24.995249,25.0095,Yes
id: UNIMOD:381,Lys->AminoadipicAcid,14.96328,14.9683,Yes
id: UNIMOD:372,Arg->Orn,-42.021798,-42.04,No
id: UNIMOD:417,PhosphoUridine,306.025302,306.166,Yes
id: UNIMOD:308,dHex(1)Hex(5)HexNAc(4),1768.639517,1769.6143,No
id: UNIMOD:309,Hex(3)HexNAc(4),1298.475961,1299.1919,No
id: UNIMOD:17,NIPCAM,99.068414,99.1311,No
id: UNIMOD:11,Met->Hsl,-48.003371,-48.1075,No
id: UNIMOD:10,Met->Hse,-29.992806,-30.0922,No
id: UNIMOD:13,ICAT-D,442.224991,442.5728,No
id: UNIMOD:12,ICAT-D:2H(8),450.275205,450.6221,No
id: UNIMOD:413,Phosphoguanosine,345.047435,345.2053,Yes
id: UNIMOD:447,Deoxy,-15.994915,-15.9994,Yes
id: UNIMOD:340,Bromo,77.910511,78.8961,Yes
id: UNIMOD:139,Dansyl,233.051049,233.2862,No
id: UNIMOD:253,Crotonaldehyde,70.041865,70.0898,No
id: UNIMOD:95,IMID:2H(4),72.062555,72.1019,No
id: UNIMOD:94,IMID,68.037448,68.0773,No
id: UNIMOD:97,Propionamide:2H(3),74.055944,74.0964,No
id: UNIMOD:134,Myristoleyl,208.182715,208.3398,No
id: UNIMOD:91,ESP:2H(10),348.240414,348.5299,No
id: UNIMOD:90,ESP,338.177647,338.4682,No
id: UNIMOD:93,EDT-maleimide-PEO-biotin,601.206246,601.8021,No
id: UNIMOD:130,Diiodo,251.793296,251.7931,No
id: UNIMOD:421,Sulfide,31.972071,32.065,Yes
id: UNIMOD:420,Carboxy->Thiocarboxy,15.977156,16.0656,Yes
id: UNIMOD:423,Delta:Se(1),79.91652,78.96,Yes
id: UNIMOD:343,Argbiotinhydrazide,199.066699,199.27,No
id: UNIMOD:425,Dioxidation,31.989829,31.9988,Yes
id: UNIMOD:424,MolybdopterinGD,1572.985775,1572.0146,Yes
id: UNIMOD:426,Octanoyl,126.104465,126.1962,Yes
id: UNIMOD:429,PhosphoHex,242.019154,242.1205,No
id: UNIMOD:388,Phycoerythrobilin,588.294785,588.6939,Yes
id: UNIMOD:422,PyruvicAcidIminyl,70.005479,70.0468,Yes
id: UNIMOD:415,MolybdopterinGD+Delta:S(-1)Se(1),1620.930224,1618.9096,Yes
id: UNIMOD:255,Delta:H(4)C(2),28.0313,28.0532,No
id: UNIMOD:269,Label:13C(9)15N(1),10.027228,9.9273,No
id: UNIMOD:442,FMN,438.094051,438.3285,Yes
id: UNIMOD:450,Glu,129.042593,129.114,Yes
id: UNIMOD:268,Label:13C(5)15N(1),6.013809,5.9567,No
id: UNIMOD:196,QAT:2H(3),174.168569,174.2784,No
id: UNIMOD:451,GluGlu,258.085186,258.228,Yes
id: UNIMOD:452,GluGluGlu,387.127779,387.3419,Yes
id: UNIMOD:305,dHex(1)Hex(3)HexNAc(4),1444.53387,1445.3331,No
id: UNIMOD:148,Hex(1)HexNAc(2),568.211569,568.5256,No
id: UNIMOD:149,Hex(1)HexNAc(1)NeuAc(1),656.227613,656.5877,No
id: UNIMOD:301,Bromobimane,190.074228,190.1986,No
id: UNIMOD:302,Menadione,170.036779,170.1641,No
id: UNIMOD:89,Iminobiotin,225.093583,225.3106,No
id: UNIMOD:142,HexNAc(1)dHex(1),349.137281,349.3337,No
id: UNIMOD:143,HexNAc(2),406.158745,406.385,No
id: UNIMOD:140,a-type-ion,-46.005479,-46.0254,No
id: UNIMOD:141,Amidine,41.026549,41.0519,No
id: UNIMOD:146,Hex(1)HexNAc(1)dHex(1),511.190105,511.4743,No
id: UNIMOD:147,HexNAc(2)dHex(1),552.216654,552.5262,No
id: UNIMOD:144,Hex(3),486.158471,486.4218,No
id: UNIMOD:145,HexNAc(1)dHex(2),495.19519,495.4749,No
id: UNIMOD:137,Hex(5)HexNAc(2),1216.422863,1217.088,No
id: UNIMOD:436,Hydroxyheme,614.161645,614.4714,Yes
id: UNIMOD:256,Delta:H(4)C(3),40.0313,40.0639,No
id: UNIMOD:389,Phytochromobilin,584.263485,584.6621,Yes
id: UNIMOD:254,Delta:H(2)C(2),26.01565,26.0373,No
id: UNIMOD:136,Benzoyl,104.026215,104.1061,No
id: UNIMOD:385,Ammonia-loss,-17.026549,-17.0305,Yes
id: UNIMOD:258,Label:18O(1),2.004246,1.9998,No
id: UNIMOD:259,Label:13C(6)15N(2),8.014199,7.9427,No
id: UNIMOD:380,Retinylidene,266.203451,266.4204,Yes
id: UNIMOD:135,Myristoyl+Delta:H(-4),206.167065,206.3239,No
id: UNIMOD:382,Cys->PyruvicAcid,-33.003705,-33.0961,Yes
